pkg_name,app_name,category,downloads,ratings,average_rating,price,growth_30_days,growth_60_days
com.robtopx.geometrydashmeltdown,Geometry Dash Meltdown,GAME_ARCADE,100000000,1815265,4.6,Free,0.24,0.405
com.gamedevltd.modernstrike,Modern Strike Online: PvP FPS,GAME_ACTION,100000000,1837573,4.45,Free,0.393,0.755
com.bitsmedia.android.muslimpro,Muslim Pro: Quran Athan Prayer,LIFESTYLE,100000000,1816000,3.75,Free,0.215,0.5
com.julian.fastracing,Fast Racing 3D,GAME_RACING,100000000,1854075,4.2,Free,0.005,0.013
com.adobe.psmobile,Photoshop Express Photo Editor,PHOTOGRAPHY,100000000,1875603,4.31,Free,0.489,0.908
com.hitrock.hideonline,Hide Online - Hunters vs Props,GAME_ACTION,100000000,1894519,4.51,Free,1.785,3.153
com.olzhas.carparking.multyplayer,Car Parking Multiplayer,GAME_SIMULATION,100000000,1890219,4.43,Free,3.053,5.813
com.kms.free,Kaspersky Security & VPN,TOOLS,50000000,3914635,4.73,Free,0.368,0.718
com.outfit7.talkingben,Talking Ben the Dog,ENTERTAINMENT,100000000,1913652,4.23,Free,0.178,0.397
com.alibaba.intl.android.apps.poseidon,Alibaba.com - B2B marketplace,SHOPPING,100000000,1875659,4.48,Free,2.513,4.919
com.playgendary.tanks,Tank Stars,GAME_ARCADE,100000000,1992190,0.0,Free,1.028,2.181
com.freeplay.runandfight,Join Clash 3D,GAME_ARCADE,100000000,1979006,4.18,Free,0.772,1.798
com.cyberlink.youperfect,YouCam Perfect - Photo Editor,PHOTOGRAPHY,100000000,2075295,4.4,Free,0.099,0.209
com.cleanteam.oneboost,One Booster: Antivirus&Cleaner,TOOLS,100000000,1918360,4.54,Free,1.006,1.677
com.outfit7.talkinggingerfree,Talking Ginger,ENTERTAINMENT,100000000,1927177,3.75,Free,0.039,0.094
com.amazon.dee.app,Amazon Alexa,LIFESTYLE,100000000,1931919,4.39,Free,5.611,11.07
bubbleshooter.orig,Bubble Shooter,GAME_CASUAL,100000000,1954542,4.42,Free,1.169,2.35
com.bigwinepot.nwdn.international,Remini - AI Photo Enhancer,PHOTOGRAPHY,100000000,2229391,3.86,Free,1.725,3.466
com.google.android.apps.youtube.kids,YouTube Kids,ENTERTAINMENT,100000000,2251207,4.36,Free,1.519,3.26
com.notdoppler.earntodie2,Earn to Die 2,GAME_RACING,100000000,1916469,4.41,Free,0.291,0.651
com.azarlive.android,Azar - video chat & livestream,COMMUNICATION,100000000,1878291,3.96,Free,0.19,0.331
jp.ne.ibis.ibispaintx.app,ibis Paint X,ART_AND_DESIGN,100000000,2174097,4.42,Free,0.855,1.741
com.zing.zalo,Zalo,COMMUNICATION,100000000,2031661,3.91,Free,0.576,1.353
fi.twomenandadog.zombiecatchers,Zombie Catchers : Hunt & sell,GAME_ACTION,100000000,2042349,4.42,Free,0.47,0.947
com.masomo.headball2,Head Ball 2 - Online Soccer,GAME_SPORTS,100000000,2025757,3.98,Free,0.454,1.029
org.thoughtcrime.securesms,Signal Private Messenger,COMMUNICATION,100000000,2153890,4.47,Free,1.009,2.068
com.studiosol.palcomp3,Palco MP3: Listen and download,MUSIC_AND_AUDIO,100000000,2135751,4.22,Free,0.019,0.041
me.zepeto.main,"ZEPETO: 3D avatar, chat & meet",ENTERTAINMENT,100000000,1945555,4.26,Free,2.182,4.228
com.alien.shooter.galaxy.attack,Galaxy Attack: Alien Shooting,GAME_ARCADE,100000000,2294038,4.68,Free,0.574,1.132
com.yandex.browser,Yandex Browser with Protect,PERSONALIZATION,100000000,2221010,4.37,Free,1.029,2.052
com.eterno,Dailyhunt: News Video Cricket,NEWS_AND_MAGAZINES,100000000,2024570,4.27,Free,2.16,4.65
com.instabridge.android,WiFi Passwords Map Instabridge,PRODUCTIVITY,100000000,1993254,4.31,Free,2.093,4.294
com.gamma.scan,QR & Barcode Scanner,TOOLS,100000000,2147798,4.56,Free,1.396,2.751
com.google.android.apps.classroom,Google Classroom,EDUCATION,100000000,1991149,2.36,Free,0.331,0.737
deezer.android.app,Deezer: Music & Podcast Player,MUSIC_AND_AUDIO,100000000,2997962,4.35,Free,0.669,1.365
tunein.player,"TuneIn Radio: News, Music & FM",MUSIC_AND_AUDIO,100000000,2291843,4.68,Free,0.809,1.671
com.accuweather.android,AccuWeather: Weather Radar,WEATHER,100000000,2550283,3.91,Free,0.036,0.084
com.zeptolab.ctr.ads,Cut the Rope,GAME_PUZZLE,100000000,2678575,4.53,Free,0.217,0.425
app.source.getcontact,Getcontact,COMMUNICATION,100000000,2346722,3.9,Free,2.042,4.295
com.playgendary.tom,Tomb of the Mask,GAME_ACTION,100000000,1984620,4.43,Free,0.731,1.345
com.neptune.domino,Higgs Domino Island,GAME_BOARD,50000000,4020857,4.05,Free,2.349,5.183
com.jb.gokeyboard,GO Keyboard Lite - Many Theme,PERSONALIZATION,100000000,2638188,4.44,Free,0.013,0.025
com.matchington.mansion,Matchington Mansion,GAME_PUZZLE,100000000,2215232,4.42,Free,0.383,0.748
com.melesta.coffeeshop,My Cafe — Restaurant Game,GAME_CASUAL,50000000,4461786,4.57,Free,0.286,0.561
com.midasplayer.apps.bubblewitchsaga2,Bubble Witch 2 Saga,GAME_CASUAL,100000000,2982829,4.62,Free,0.046,0.085
com.disney.disneyplus,Disney+,ENTERTAINMENT,100000000,2283987,4.5,Free,4.98,12.443
com.outfit7.talkingangelafree,Talking Angela,ENTERTAINMENT,100000000,2120089,3.03,Free,0.085,0.229
com.zuuks.bus.simulator.ultimate,Bus Simulator : Ultimate,GAME_SIMULATION,100000000,2091081,4.2,Free,1.026,2.487
com.ovelin.guitartuna,"GuitarTuna: Guitar,Tuner,Chord",TOOLS,100000000,2233840,4.74,Free,0.643,1.284
com.taxis99,99 - Private Driver and Taxi,MAPS_AND_NAVIGATION,100000000,2270737,4.11,Free,0.71,1.44
com.disney.wheresmywater2_goo,Where's My Water? 2,GAME_PUZZLE,100000000,2213408,4.31,Free,0.07,0.159
com.nu.production,"Nubank: conta, cartão e mais",FINANCE,100000000,2202082,4.66,Free,4.701,11.061
com.theonegames.gunshipbattle,GUNSHIP BATTLE: Helicopter 3D,GAME_ACTION,100000000,2427381,4.35,Free,0.067,0.149
com.mambet.tv,BOOYAH!,ENTERTAINMENT,100000000,2216235,0.0,Free,0.006,0.326
com.adobe.scan.android,"Adobe Scan: PDF Scanner, OCR",BUSINESS,100000000,2322311,4.78,Free,1.248,2.995
com.frontrow.vlog,VN Video Editor Maker VlogNow,VIDEO_PLAYERS,100000000,1985088,4.63,Free,0.79,3.428
io.voodoo.paper2,Paper.io 2,GAME_ARCADE,100000000,2005888,3.35,Free,0.134,0.209
com.emoji.coolkeyboard,"Emoji keyboard-Themes,Fonts",TOOLS,100000000,2521935,4.59,Free,0.267,0.582
com.ixigo.train.ixitrain,Train Status Ticket Book PNR,TRAVEL_AND_LOCAL,100000000,2452517,4.49,Free,1.943,4.065
photoeditor.layout.collagemaker,Collage Maker | Photo Editor,PHOTOGRAPHY,100000000,2373738,4.92,Free,2.175,4.409
com.snapdeal.main,Snapdeal: Online Shopping App,SHOPPING,100000000,2454831,3.99,Free,0.203,0.438
com.touchtao.soccerkinggoogle,World Soccer League,GAME_SPORTS,100000000,2451745,4.36,Free,0.653,1.313
com.explorationbase.ExplorationLite,Kiloblocks Lite,GAME_ADVENTURE,100000000,2082456,3.85,Free,0.004,0.008
com.linecorp.LGGRTHN,LINE Let's Get Rich,GAME_CASUAL,50000000,4015280,4.29,Free,0.041,0.06
com.appstar.callrecorder,Automatic Call Recorder,TOOLS,100000000,2559893,3.62,Free,0.297,0.627
com.maxgames.stickwarlegacy,Stick War: Legacy,GAME_STRATEGY,100000000,2552284,4.66,Free,0.612,1.385
com.billiards.city.pool.nation.club,Pooking - Billiards City,GAME_SPORTS,100000000,3274612,4.48,Free,0.66,1.465
com.ea.gp.nbamobile,NBA LIVE Mobile Basketball,GAME_SPORTS,100000000,2516458,4.34,Free,0.235,0.434
com.playmini.miniworld,Mini World: CREATA,GAME_ADVENTURE,100000000,2577165,4.14,Free,0.517,1.316
com.shopee.br,Shopee 11.11,SHOPPING,100000000,3549463,4.08,Free,1.426,4.259
com.pandora.android,Pandora - Music & Podcasts,MUSIC_AND_AUDIO,100000000,3380006,4.16,Free,0.065,0.148
com.cam001.selfie,Sweet Selfie: Camera & Editor,PHOTOGRAPHY,100000000,2365452,4.52,Free,0.203,0.462
com.gameloft.android.ANMP.GloftA9HM,Asphalt 9: Legends,GAME_RACING,100000000,2550988,4.43,Free,0.699,1.275
com.outfit7.mytalkingtomfriends,My Talking Tom Friends,GAME_CASUAL,100000000,3089012,4.21,Free,1.246,2.685
com.moonvideo.android.resso,Resso Music - Songs & Lyrics,MUSIC_AND_AUDIO,100000000,2984793,4.28,Free,2.878,6.405
com.pubg.imobile,Battlegrounds Mobile India,GAME_ACTION,50000000,4792491,4.31,Free,0.602,1.204
com.netmarble.mherosgb,MARVEL Future Fight,GAME_ROLE_PLAYING,100000000,2985501,3.9,Free,0.104,0.201
com.flipkart.shopsy,Live Now: Shopsy Budget Mela,SHOPPING,100000000,4081727,4.09,Free,0,0
com.xiaomi.hm.health,Zepp Life(MiFit),HEALTH_AND_FITNESS,100000000,2634222,4.01,Free,0.751,1.659
com.amazon.mp3,Amazon Music: Songs & Podcasts,MUSIC_AND_AUDIO,100000000,2695292,3.94,Free,0.937,1.825
com.generagames.resistance,Cover Fire: Offline Shooting,GAME_ACTION,100000000,2396951,4.69,Free,0.501,1.11
com.wb.goog.mkx,Mortal Kombat,GAME_ACTION,50000000,4464440,4.29,Free,0.222,0.31
com.zeptolab.ctr2.f2p.google,Cut the Rope 2,GAME_PUZZLE,100000000,2332418,4.34,Free,0.057,0.114
com.bsb.hike,Hike News & Content,SOCIAL,100000000,2908742,4.36,Free,0.001,0.002
com.naturalmotion.customstreetracer2,CSR 2 - Drag Racing Car Games,GAME_RACING,50000000,4799038,4.59,Free,0.379,0.75
com.tocaboca.tocalifeworld,Toca Life World,GAME_EDUCATIONAL,100000000,4265599,4.29,Free,1.504,3.91
net.wargaming.wot.blitz,World of Tanks Blitz - PVP MMO,GAME_STRATEGY,100000000,4279681,4.14,Free,0.351,1.128
tv.twitch.android.app,Twitch: Live Game Streaming,ENTERTAINMENT,100000000,5041684,4.44,Free,0.538,1.214
com.FDGEntertainment.redball4.gp,Red Ball 4,GAME_ARCADE,100000000,2698797,4.49,Free,0.992,2.192
com.glu.deerhunt2,DEER HUNTER CLASSIC,GAME_ACTION,100000000,3997412,4.41,Free,0.002,0.004
br.com.bb.android,Banco do Brasil,FINANCE,50000000,5364973,4.44,Free,1.325,3.121
com.olx.southasia,OLX: Buy & Sell Near You with ,SHOPPING,100000000,2685952,4.26,Free,0.554,1.233
com.garena.game.kgvn,Garena Liên Quân Mobile,GAME_ACTION,50000000,5709772,4.01,Free,0.484,1.528
com.lyrebirdstudio.montagenscolagem,Photo Editor Picsa: Collage,PHOTOGRAPHY,100000000,2136358,4.51,Free,0.339,0.833
com.reddit.frontpage,Reddit,SOCIAL,100000000,2682611,4.16,Free,1.054,2.039
sixpack.sixpackabs.absworkout,Six Pack in 30 Days,HEALTH_AND_FITNESS,100000000,2334830,4.92,Free,1.663,3.578
com.olacabs.customer,"Ola, Safe and affordable rides",MAPS_AND_NAVIGATION,100000000,2203920,4.13,Free,0.273,1.364
com.europosit.pixelcoloring,Pixel Art - color by number,GAME_PUZZLE,100000000,2278565,4.5,Free,0.346,0.604
com.jrzheng.supervpnfree,SuperVPN Fast VPN Client,TOOLS,100000000,2495086,4.61,Free,0.853,2.051
com.facebook.pages.app,Meta Business Suite,BUSINESS,100000000,2718234,4.39,Free,1.669,3.625
kik.android,Kik — Messaging & Chat App,COMMUNICATION,100000000,2520476,4.06,Free,0.004,0.01
com.noxgroup.app.cleaner,"Nox Cleaner - Booster, Master",TOOLS,100000000,2609148,4.39,Free,1.66,4.282
com.vng.g6.a.zombie,DEAD TARGET: Zombie Games 3D,GAME_ACTION,100000000,2292688,4.57,Free,0.329,0.73
com.biglime.cookingmadness,Cooking Madness -A Chef's Game,GAME_ARCADE,100000000,2733662,4.78,Free,0.765,1.567
musicplayer.musicapps.music.mp3player,Music Player & MP3 Player,MUSIC_AND_AUDIO,100000000,2445734,4.83,Free,4.15,9.073
com.piriform.ccleaner,CCleaner – Phone Cleaner,TOOLS,100000000,2521368,4.58,Free,0.183,0.398
com.creativemobile.DragRacing,Drag Racing,GAME_RACING,100000000,2701159,4.46,Free,0.012,0.03
com.kabam.marvelbattle,Marvel Contest of Champions,GAME_ACTION,100000000,3204901,4.3,Free,0.066,0.144
com.wildspike.wormszone,Worms Zone .io - Hungry Snake,GAME_ACTION,100000000,2730933,4.37,Free,0.445,1.05
com.devuni.flashlight,Tiny Flashlight + LED,TOOLS,100000000,4282022,4.51,Free,0.001,0.002
com.cyworld.camera,Cymera - Photo Editor Collage,PHOTOGRAPHY,100000000,2497345,4.39,Free,0.002,0.012
com.joom,Joom. Shopping for every day,SHOPPING,100000000,3375319,4.42,Free,0.412,0.802
com.springwalk.mediaconverter,MP3 Video Converter,MUSIC_AND_AUDIO,100000000,2025510,4.55,Free,0.109,0.22
com.ubisoft.hungrysharkworld,Hungry Shark World,GAME_ARCADE,100000000,2086210,4.57,Free,0.311,0.741
com.ogqcorp.bgh,Backgrounds HD (Wallpapers),PERSONALIZATION,100000000,2399957,4.55,Free,36.422,72.843
com.king.bubblewitch3,Bubble Witch 3 Saga,GAME_PUZZLE,100000000,2634465,4.62,Free,0.188,0.384
com.weather.Weather,The Weather Channel - Radar,WEATHER,100000000,2727923,4.6,Free,0.724,1.459
com.ea.game.nfs14_row,Need for Speed™ No Limits,GAME_RACING,100000000,4873167,4.37,Free,0.307,0.614
com.fungames.blockcraft,Block Craft 3D：Building Game,GAME_ARCADE,100000000,2476711,4.26,Free,0.375,0.666
com.miniclip.plagueinc,Plague Inc.,GAME_SIMULATION,100000000,3767460,4.66,Free,0.215,0.444
com.tumblr,"Tumblr—Fandom, Art, Chaos",SOCIAL,100000000,3688234,4.25,Free,0.118,0.248
com.paypal.android.p2pmobile,"PayPal - Send, Shop, Manage",FINANCE,100000000,2773108,4.29,Free,1.271,2.795
com.smule.singandroid,Smule: Karaoke Songs & Videos,MUSIC_AND_AUDIO,100000000,4100486,3.84,Free,0.091,0.188
com.ubercab.eats,Uber Eats: Food Delivery,FOOD_AND_DRINK,100000000,4833589,4.42,Free,0.911,1.887
com.slippy.linerusher,Fun Race 3D,GAME_RACING,100000000,2499973,4.17,Free,0.164,0.43
com.nekki.shadowfight,Shadow Fight 2,GAME_ACTION,100000000,15592649,4.63,Free,0.394,0.774
com.episodeinteractive.android.catalog,Episode - Choose Your Story,GAME_SIMULATION,100000000,3964665,4.3,Free,0.456,0.831
com.nintendo.zaka,Mario Kart Tour,GAME_ACTION,100000000,2073737,4.28,Free,0.311,0.485
ru.mail.mailapp,Mail.ru - Email App,COMMUNICATION,100000000,2197608,4.57,Free,2.09,4.26
com.ismaker.android.simsimi,SimSimi,ENTERTAINMENT,100000000,4131004,4.26,Free,0.125,0.372
com.playrix.fishdomdd.gplay,Fishdom,GAME_PUZZLE,100000000,5680266,4.32,Free,0.812,1.608
com.joeware.android.gpulumera,Candy Camera - photo editor,PHOTOGRAPHY,100000000,3512852,4.49,Free,0.01,0.02
com.naver.linewebtoon,WEBTOON,COMICS,100000000,2857697,4.75,Free,1.324,2.705
com.phonepe.app,"PhonePe UPI, Payment, Recharge",FINANCE,100000000,9140884,4.36,Free,1.508,3.168
com.amazon.avod.thirdpartyclient,Amazon Prime Video,ENTERTAINMENT,100000000,3597813,4.16,Free,0.468,1.004
com.starmakerinteractive.starmaker,StarMaker: Sing Karaoke Songs,MUSIC_AND_AUDIO,100000000,3189143,4.6,Free,1.734,3.546
com.pixel.art.coloring.color.number,Happy Color® – Color by Number,GAME_BOARD,100000000,3119150,4.61,Free,0.774,1.574
br.com.gabba.Caixa,CAIXA,FINANCE,100000000,3382612,3.93,Free,1.034,2.077
com.google.earth,Google Earth,TRAVEL_AND_LOCAL,100000000,2892481,4.27,Free,0.205,0.422
in.swiggy.android,Swiggy Food & Grocery Delivery,FOOD_AND_DRINK,100000000,5279605,4.52,Free,5.581,12.361
videoeditor.videorecorder.screenrecorder,Screen Recorder - XRecorder,VIDEO_PLAYERS,100000000,5817691,4.8,Free,1.519,3.252
eu.nordeus.topeleven.android,Top Eleven Be a Soccer Manager,GAME_SPORTS,100000000,5883383,4.57,Free,1.209,2.741
com.application.zomato,Zomato: Food Delivery & Dining,FOOD_AND_DRINK,100000000,6876747,3.91,Free,1.218,2.677
com.gameloft.android.ANMP.GloftM5HM,Modern Combat 5: mobile FPS,GAME_ACTION,100000000,3832648,4.52,Free,0.566,1.124
jp.konami.pesam,eFootball™ 2023,GAME_SPORTS,100000000,10507780,3.62,Free,1.253,3.177
com.jio.media.jiobeats,JioSaavn - Music & Podcasts,MUSIC_AND_AUDIO,100000000,4859653,4.2,Free,1.821,3.694
in.amazon.mShop.android.shopping,"Amazon India Shop, Pay, miniTV",SHOPPING,100000000,8695421,4.49,Free,0.464,1.339
com.kwai.video,Kwai - Watch cool&funny videos,VIDEO_PLAYERS,100000000,10076821,4.63,Free,1.843,5.328
air.com.lunime.gachalife,Gacha Life,GAME_CASUAL,100000000,3696317,4.36,Free,0.407,0.909
com.whatsapp.wallpaper,WhatsApp Wallpaper,PERSONALIZATION,100000000,3353955,4.24,Free,0.025,0.043
vsin.t16_funny_photo,Photo Lab Picture Editor & Art,PHOTOGRAPHY,100000000,3357266,4.63,Free,1.656,2.86
com.gojek.app,Gojek,TRAVEL_AND_LOCAL,100000000,5099045,4.39,Free,1.233,2.632
com.sgiggle.production,tango-Live Stream & Video Chat,SOCIAL,100000000,4150674,4.49,Free,0.315,0.613
com.nordcurrent.canteenhd,Cooking Fever: Restaurant Game,GAME_ARCADE,100000000,4875051,4.41,Free,0.224,0.481
com.outfit7.talkingtom2free,Talking Tom Cat 2,ENTERTAINMENT,100000000,3391784,4.29,Free,0.087,0.193
com.shopee.id,Shopee 10.10 Brands Festival,SHOPPING,100000000,11404859,4.29,Free,1.117,2.465
com.gameloft.android.ANMP.GloftGGHM,Gangstar Vegas: World of Crime,GAME_ACTION,100000000,6659866,4.33,Free,0.241,0.46
com.motorola.genie,Device Help,TOOLS,500000000,90910,4.05,Free,0.931,1.852
com.activision.callofduty.shooter,Call of Duty Mobile Season 9,GAME_ACTION,100000000,15285108,4.31,Free,0.202,0.449
com.nekki.vector,Vector: Parkour Run,GAME_ARCADE,100000000,3545680,4.4,Free,0.185,0.396
com.meesho.supply,Meesho: Online Shopping App,SHOPPING,100000000,2797302,4.25,Free,3.865,9.332
org.mozilla.firefox,Firefox Fast & Private Browser,COMMUNICATION,100000000,4713649,4.56,Free,0.99,1.927
zombie.survival.craft.z,Last Day on Earth: Survival,GAME_ACTION,100000000,4493520,4.4,Free,0.196,0.441
com.outfit7.movingeye.swampattack,Swamp Attack,GAME_ACTION,100000000,2584525,4.52,Free,0.357,0.668
com.soundcloud.android,SoundCloud: Play Music & Songs,MUSIC_AND_AUDIO,100000000,6009681,4.68,Free,0.953,2.109
com.rsupport.mvagent,Mobizen Screen Recorder,PRODUCTIVITY,100000000,3326306,4.16,Free,0.124,0.293
com.microblink.photomath,Photomath,EDUCATION,100000000,2798045,4.63,Free,1.267,2.249
com.gameloft.android.ANMP.GloftDOHM,Dragon Mania Legends,GAME_ADVENTURE,100000000,2998049,4.45,Free,0.174,0.338
com.lockwoodpublishing.avakinlife,Avakin Life - 3D Virtual World,GAME_ROLE_PLAYING,100000000,3346290,4.16,Free,0.228,0.405
com.yy.hiyo,"Hago- Party, Chat & Games",SOCIAL,100000000,6280620,4.34,Free,0.275,0.598
com.dywx.larkplayer,Music Player &MP3- Lark Player,MUSIC_AND_AUDIO,100000000,2912821,4.49,Free,0.56,1.135
com.mediocre.smashhit,Smash Hit,GAME_ARCADE,100000000,4690968,4.57,Free,0.119,0.214
com.miniclip.carrom,Carrom Pool: Disc Game,GAME_SPORTS,100000000,4750732,4.2,Free,1.722,3.328
com.mind.quiz.brain.out,Brain Out: Can you pass it?,GAME_PUZZLE,100000000,5488344,4.42,Free,0.79,1.351
com.telkomsel.telkomselcm,MyTelkomsel - Buy Package,TOOLS,50000000,8804693,4.14,Free,2.574,5.507
com.sega.sonicdash,Sonic Dash - Endless Running,GAME_ARCADE,100000000,6066374,4.68,Free,0.402,0.817
com.fingersoft.hillclimb,Hill Climb Racing,GAME_RACING,500000000,10670019,4.58,Free,0.181,0.348
com.socialnmobile.dictapps.notepad.color.note,ColorNote Notepad Notes,PRODUCTIVITY,100000000,3537018,4.86,Free,0.408,0.832
com.appsomniacs.da2,Mini Militia - Doodle Army 2,GAME_ACTION,100000000,3590913,4.21,Free,0.628,1.298
com.ea.game.simpsons4_row,The Simpsons™:  Tapped Out,GAME_CASUAL,100000000,4110621,4.13,Free,0.016,0.03
com.antivirus,AVG AntiVirus & Security,TOOLS,100000000,7566745,4.75,Free,0.321,0.636
com.psafe.msuite,dfndr security: antivirus,TOOLS,100000000,6108111,4.36,Free,0.048,0.155
io.faceapp,FaceApp: Face Editor,PHOTOGRAPHY,100000000,4532174,4.55,Free,0.978,1.781
com.google.android.apps.mapslite,Google Maps Go,TRAVEL_AND_LOCAL,500000000,242059,4.32,Free,1.354,2.964
com.igg.castleclash,Castle Clash: World Ruler,GAME_STRATEGY,100000000,5125374,4.03,Free,0.034,0.115
com.cyberlink.youcammakeup,YouCam Makeup - Selfie Editor,PHOTOGRAPHY,100000000,4151041,4.44,Free,0.094,0.201
com.vivo.website,vivo.com,SHOPPING,500000000,80373,4.6,Free,0,0
com.vectorunit.purple.googleplay,Beach Buggy Racing,GAME_RACING,100000000,2487490,4.47,Free,0.575,1.06
com.halo.wifikey.wifilocating,WiFi Master: WiFi Auto Connect,TOOLS,100000000,3157063,4.42,Free,0.361,0.669
com.rubygames.assassin,Hunter Assassin,GAME_ACTION,100000000,2722217,4.28,Free,2.14,4.002
com.mojang.minecrafttrialpe,Minecraft Trial,GAME_ARCADE,100000000,2895872,4.03,Free,0.402,0.946
com.xvideostudio.videoeditor,Video Editor & Maker VideoShow,VIDEO_PLAYERS,100000000,5912484,4.55,Free,0.134,0.307
com.fugo.wow,Words of Wonders: Crossword,GAME_WORD,100000000,2571350,4.79,Free,1.754,3.074
com.king.petrescuesaga,Pet Rescue Saga,GAME_CASUAL,100000000,3501614,4.67,Free,0.029,0.056
com.mercadopago.wallet,Mercado Pago: cuenta digital,FINANCE,100000000,5069718,4.62,Free,4.098,7.9
br.gov.caixa.tem,CAIXA Tem,FINANCE,100000000,4919450,3.56,Free,1.853,3.413
fb.video.downloader,FastVid: Video Downloader for ,TOOLS,100000000,2660389,4.37,Free,1.705,4.154
com.mventus.selfcare.activity,"Vi: Recharge, Music, Games, TV",PRODUCTIVITY,100000000,2876616,4.05,Free,0.951,1.965
com.dvloper.granny,Granny,GAME_ARCADE,100000000,3737561,4.26,Free,0.42,0.828
com.avito.android,"Авито: квартиры, авто, работа",SHOPPING,100000000,2856617,4.18,Free,0.812,1.726
com.intsig.camscanner,CamScanner - PDF Scanner App,PRODUCTIVITY,100000000,4187490,4.86,Free,0.987,2.095
com.ril.ajio,AJIO - House Of Brands,SHOPPING,100000000,3150913,4.39,Free,4.499,9.704
com.badoo.mobile,Badoo - Dating. Chat. Meet.,DATING,100000000,6031325,3.99,Free,0.467,1.02
com.yodo1.crossyroad,Crossy Road,GAME_ACTION,100000000,4531371,4.56,Free,0.053,0.12
com.amanotes.beathopper,Tiles Hop: EDM Rush!,GAME_MUSIC,500000000,3226235,4.19,Free,0.336,0.749
com.superking.parchisi.star,Parchisi STAR Online,GAME_BOARD,100000000,2505692,4.42,Free,0.73,1.576
com.rovio.baba,Angry Birds 2,GAME_CASUAL,100000000,6110189,4.27,Free,0.223,0.459
com.amazon.kindle,Amazon Kindle,BOOKS_AND_REFERENCE,100000000,2762234,4.62,Free,2.154,4.513
com.bsbportal.music,"Wynk Music-Songs, MP3, Podcast",MUSIC_AND_AUDIO,100000000,4594462,4.34,Free,1.383,3.902
in.mohalla.sharechat,ShareChat - Made in India,SOCIAL,100000000,3494151,4.06,Free,0.699,1.601
com.gaana,Gaana Hindi Song Music App,MUSIC_AND_AUDIO,100000000,5062060,4.44,Free,0.331,1.315
com.playrix.township,Township,GAME_CASUAL,100000000,9443409,4.52,Free,1.442,2.91
cn.xender,Xender - Share Music Transfer,TOOLS,100000000,3537019,4.47,Free,0.56,1.179
com.pure.indosat.care,myIM3: Data Plan & Buy Package,TOOLS,50000000,7293594,4.45,Free,1.718,4.6
homeworkout.homeworkouts.noequipment,Home Workout - No Equipment,HEALTH_AND_FITNESS,100000000,3146753,4.93,Free,2.161,4.619
com.grabtaxi.passenger,Grab Superapp,FOOD_AND_DRINK,100000000,10081488,4.75,Free,1.808,3.808
com.jio.jioplay.tv,JioTV,ENTERTAINMENT,100000000,3749180,3.94,Free,0.358,0.873
photo.editor.photoeditor.photoeditorpro,Photo Editor Pro - Polish,PHOTOGRAPHY,100000000,3323330,4.88,Free,2.047,4.201
home.solo.launcher.free,"Solo Launcher-Clean,Smooth,DIY",PERSONALIZATION,100000000,2841619,4.44,Free,39.764,79.529
com.hp.android.printservice,HP Print Service Plugin,PRODUCTIVITY,500000000,2889262,4.24,Free,0.387,0.809
com.rovio.angrybirds,Angry Birds Classic,GAME_ARCADE,100000000,5683349,4.45,Free,0.011,0.022
com.miui.videoplayer,Mi Video - Video player,ENTERTAINMENT,1000000000,657784,4.54,Free,2.913,6.627
com.fungames.flightpilot,Flight Pilot: 3D Simulator,GAME_ROLE_PLAYING,100000000,2711651,4.22,Free,0.032,0.072
com.hicloud.android.clone,Phone Clone,TOOLS,500000000,123751,3.79,Free,0.645,1.373
com.aim.racing,Extreme Car Driving Simulator,GAME_RACING,100000000,4342789,4.3,Free,0.455,0.99
com.global.foodpanda.android,foodpanda: Food & Groceries,FOOD_AND_DRINK,100000000,2918882,3.92,Free,0.994,2.411
com.king.candycrushsodasaga,Candy Crush Soda Saga,GAME_CASUAL,100000000,8600434,4.62,Free,0.322,0.631
com.discord,"Discord: Talk, Chat & Hang Out",COMMUNICATION,100000000,4853626,4.18,Free,4.244,4.53
com.lemon.lvoverseas,CapCut - Video Editor,VIDEO_PLAYERS,100000000,4862233,4.31,Free,3.514,6.039
com.miniclip.footballstrike,Football Strike: Online Soccer,GAME_SPORTS,100000000,2678346,4.55,Free,1.14,2.481
com.craftsman.go,Craftsman: Building Craft,GAME_SIMULATION,100000000,2768387,4.08,Free,1.686,3.577
com.movile.playkids.pkxd,"PK XD: Fun, friends & games",GAME_ADVENTURE,100000000,4405330,4.57,Free,1.609,3.973
co.brainly,Brainly –Math Homework Answers,EDUCATION,100000000,2706786,4.38,Free,1.783,3.739
net.mobigame.zombietsunami,Zombie Tsunami,GAME_ARCADE,100000000,6149680,4.53,Free,0.115,0.238
com.unicostudio.braintest,Brain Test: Tricky Puzzles,GAME_TRIVIA,100000000,5709723,4.68,Free,2.049,3.593
com.huawei.phoneservice,HiCare,TOOLS,500000000,126029,4.05,Free,0.409,0.991
com.nexstreaming.app.kinemasterfree,KineMaster - Video Editor,VIDEO_PLAYERS,100000000,5252059,4.14,Free,0.666,1.651
com.myfitnesspal.android,MyFitnessPal: Calorie Counter,HEALTH_AND_FITNESS,100000000,2523572,4.25,Free,0.313,0.37
ru.ok.android,OK: Social Network,SOCIAL,100000000,2666697,4.21,Free,0.137,0.329
com.fluffyfairygames.idleminertycoon,Idle Miner Tycoon: Gold & Cash,GAME_SIMULATION,100000000,4400415,4.54,Free,1.195,2.594
com.robtopx.geometryjumplite,Geometry Dash Lite,GAME_ARCADE,100000000,7361655,4.4,Free,0.292,0.528
com.playrix.homescapes,Homescapes,GAME_CASUAL,100000000,11486665,4.5,Free,0.763,1.285
com.prettysimple.criminalcaseandroid,Criminal Case,GAME_ADVENTURE,100000000,4341613,4.6,Free,0.061,0.13
com.whereismytrain.android,Where is my Train,TRAVEL_AND_LOCAL,100000000,3385637,4.3,Free,1.577,3.062
com.tencent.ibg.joox,JOOX Music,MUSIC_AND_AUDIO,100000000,6350552,4.09,Free,0.041,0.093
com.king.farmheroessaga,Farm Heroes Saga,GAME_CASUAL,100000000,9641448,4.66,Free,0.254,0.489
com.huawei.android.thememanager,Themes,PERSONALIZATION,500000000,164066,4.01,Free,1.555,3.689
com.mercadolibre,Mercado Libre: Compras Online,SHOPPING,100000000,15653531,4.63,Free,0.825,1.516
com.sec.android.app.music,Samsung Music,MUSIC_AND_AUDIO,500000000,740858,3.76,Free,0.453,0.91
com.halfbrick.jetpackjoyride,Jetpack Joyride,GAME_ARCADE,100000000,4962981,4.6,Free,0.02,0.043
com.outfit7.mytalkingtomfree,My Talking Tom,GAME_CASUAL,1000000000,17461090,4.5,Free,0.159,0.296
com.transsion.phoenix,Phoenix Browser - Fast & Safe,COMMUNICATION,500000000,3268037,4.39,Free,2.468,5.384
com.jio.myjio,MyJio: For Everything Jio,PRODUCTIVITY,500000000,21885222,4.45,Free,1.453,3.342
com.sec.spp.push,Samsung Push Service,COMMUNICATION,5000000000,1384029,3.86,Free,0.496,1.203
com.microsoft.office.word,Microsoft Word: Edit Documents,PRODUCTIVITY,1000000000,6843544,4.45,Free,0.444,0.818
com.ea.game.pvz2_row,Plants vs Zombies™ 2,GAME_CASUAL,100000000,7414989,4.36,Free,0.179,0.421
com.linkedin.android,LinkedIn: Jobs & Business News,BUSINESS,1000000000,2518657,4.3,Free,0.646,1.601
com.truecaller,Truecaller: Caller ID & Block,COMMUNICATION,1000000000,18235758,4.51,Free,0.633,1.439
com.google.android.apps.youtube.music,YouTube Music,MUSIC_AND_AUDIO,1000000000,4229317,4.55,Free,1.748,3.754
com.axlebolt.standoff2,Standoff 2,GAME_ACTION,100000000,8069995,4.36,Free,1.363,2.994
com.avast.android.mobilesecurity,Avast Antivirus & Security,TOOLS,100000000,7038126,4.69,Free,0.248,0.535
com.google.android.apps.subscriptions.red,Google One,PRODUCTIVITY,500000000,393128,4.29,Free,2.628,5.598
com.policydm,Samsung Security Policy Update,PRODUCTIVITY,1000000000,336078,3.95,Free,0.257,0.643
com.google.ar.core,Google Play Services for AR,TOOLS,1000000000,561615,3.87,Free,1.271,2.759
com.miui.weather2,Weather - By Xiaomi,WEATHER,1000000000,1072582,4.46,Free,0.515,1.14
com.snapchat.android,Snapchat,COMMUNICATION,1000000000,31355321,4.21,Free,0.604,1.34
com.topfreegames.bikeracefreeworld,Bike Race：Motorcycle Games,GAME_RACING,100000000,3079609,4.54,Free,0.141,0.303
com.lenovo.anyshare.gps,"SHAREit: Transfer, Share Files",TOOLS,1000000000,17551749,4.22,Free,0.265,0.63
com.motorola.ccc.notification,Motorola Notifications,PRODUCTIVITY,500000000,75899,4.05,Free,0.901,1.965
wp.wattpad,Wattpad - Read & Write Stories,BOOKS_AND_REFERENCE,100000000,4633041,4.16,Free,0.232,0.518
com.google.android.keep,Google Keep - Notes and Lists,PRODUCTIVITY,1000000000,1432419,4.15,Free,0.615,1.319
com.bitstrips.imoji,Bitmoji,ENTERTAINMENT,100000000,3574572,4.65,Free,0.174,0.359
com.huawei.himovie.overseas,HUAWEI Video,ENTERTAINMENT,500000000,94228,3.81,Free,0.661,1.603
com.supercell.hayday,Hay Day,GAME_CASUAL,100000000,12850551,4.48,Free,0.214,0.321
com.ubercab,Uber - Request a ride,MAPS_AND_NAVIGATION,500000000,10782782,4.66,Free,1.714,3.604
in.startv.hotstar,Hotstar,ENTERTAINMENT,500000000,11232953,3.92,Free,0.21,0.553
com.venticake.retrica,Retrica - The Original Filter ,PHOTOGRAPHY,100000000,6206370,4.36,Free,0.0,0.0
com.google.android.apps.meetings,Google Meet (original),BUSINESS,500000000,2208681,0.0,Free,0.249,0.69
com.samsung.android.app.watchmanager,Galaxy Wearable (Samsung Gear),TOOLS,500000000,1584685,4.09,Free,0.55,1.193
com.ea.game.simcitymobile_row,SimCity BuildIt,GAME_SIMULATION,100000000,5378130,4.26,Free,0.153,0.306
com.ea.gp.fifamobile,FIFA Soccer,GAME_SPORTS,100000000,10810061,4.44,Free,1.964,3.83
com.ludo.king,Ludo King™,GAME_BOARD,500000000,9136118,4.2,Free,0.682,1.365
com.supercell.boombeach,Boom Beach,GAME_STRATEGY,100000000,6207226,4.48,Free,0.107,0.22
com.sec.android.app.voicenote,Samsung Voice Recorder,TOOLS,1000000000,213250,3.68,Free,1.151,2.399
com.google.android.apps.nbu.files,Files by Google,TOOLS,1000000000,6464650,4.63,Free,1.615,3.373
com.samsung.android.scloud,Samsung Cloud,PRODUCTIVITY,1000000000,954,4.23,Free,11.205,28.303
com.huawei.hwdetectrepair,Smart diagnosis,TOOLS,500000000,57095,3.86,Free,0.604,1.433
com.rovio.angrybirdsgo,Angry Birds Go!,GAME_RACING,100000000,3864424,4.38,Free,26.057,52.114
com.skgames.trafficracer,Traffic Racer,GAME_RACING,100000000,6235967,4.56,Free,0.108,0.244
com.microsoft.office.onenote,Microsoft OneNote: Save Notes,PRODUCTIVITY,500000000,994675,4.5,Free,1.75,4.001
com.huawei.health,Huawei Health,HEALTH_AND_FITNESS,500000000,777898,4.05,Free,1.279,2.727
com.sec.android.app.sbrowser,Samsung Internet Browser,COMMUNICATION,1000000000,5424905,4.29,Free,0.368,1.152
me.pou.app,Pou,GAME_CASUAL,500000000,11946902,4.38,Free,0.063,0.143
com.google.android.apps.assistant,Google Assistant Go,TOOLS,500000000,353945,4.25,Free,1.576,3.603
com.pinterest,Pinterest,LIFESTYLE,500000000,9457245,4.55,Free,0.573,1.302
com.shazam.android,Shazam: Music Discovery,MUSIC_AND_AUDIO,500000000,7728661,4.81,Free,1.943,4.011
com.xiaomi.midrop,ShareMe: File sharing,TOOLS,1000000000,1724503,4.41,Free,1.451,3.004
com.huawei.KoBackup,Huawei Backup,TOOLS,500000000,175080,4.18,Free,0.373,0.895
com.zzkko,SHEIN-Fashion Shopping Online,SHOPPING,100000000,4627036,4.74,Free,4.228,9.575
com.microsoft.teams,Microsoft Teams,BUSINESS,100000000,6057867,4.68,Free,1.981,4.203
com.playgendary.kickthebuddy,Kick the Buddy,GAME_ACTION,100000000,3499338,4.27,Free,0.125,0.318
com.mobile.legends,Mobile Legends: Bang Bang,GAME_ACTION,500000000,31911340,3.8,Free,0.453,1.156
com.miui.player,Mi Music,MUSIC_AND_AUDIO,1000000000,2266061,4.52,Free,0.454,5.224
com.booking,Booking.com: Hotels and more,TRAVEL_AND_LOCAL,500000000,3560366,4.57,Free,0.756,1.748
com.tencent.mm,WeChat,COMMUNICATION,100000000,6161714,3.7,Free,0.084,0.186
free.vpn.unblock.proxy.turbovpn,Turbo VPN - Secure VPN Proxy,TOOLS,100000000,7167842,4.69,Free,1.171,2.659
com.skype.raider,Skype,COMMUNICATION,1000000000,11471668,4.12,Free,0.022,0.049
com.mxtech.videoplayer.ad,MX Player,VIDEO_PLAYERS,1000000000,12017967,4.42,Free,0.312,0.768
com.google.android.apps.youtube.mango,YouTube Go,VIDEO_PLAYERS,500000000,2898610,4.13,Free,0.608,1.678
com.google.android.googlequicksearchbox,Google,TOOLS,10000000000,24859172,4.26,Free,0.571,1.467
com.picsart.studio,Picsart Photo & Video Editor,PHOTOGRAPHY,500000000,11566402,4.07,Free,0.303,0.626
com.halfbrick.fruitninjafree,Fruit Ninja®,GAME_ARCADE,500000000,5492881,4.5,Free,0.101,0.19
com.youmusic.magictiles,Magic Tiles 3,GAME_MUSIC,500000000,3009497,3.95,Free,0.531,1.026
com.gameloft.android.ANMP.GloftA8HM,Asphalt 8 - Car Racing Game,GAME_RACING,100000000,10509291,4.47,Free,0.512,1.099
us.zoom.videomeetings,Zoom - One Platform to Connect,BUSINESS,500000000,3937460,4.27,Free,0.554,1.347
com.outfit7.talkingtom,Talking Tom Cat,GAME_CASUAL,500000000,2508074,4.01,Free,0.525,1.072
com.google.audio.hearing.visualization.accessibility.scribe,Live Transcribe & Notification,COMMUNICATION,500000000,97971,3.71,Free,3.433,7.899
com.dts.freefireth,Garena Free Fire: Booyah Day,GAME_ACTION,1000000000,111327526,3.97,Free,0.334,0.809
com.google.android.apps.plus,Currents,SOCIAL,1000000000,6369909,4.0,Free,0.01,0.019
com.camerasideas.trimmer,YouCut - Video Editor & Maker,VIDEO_PLAYERS,100000000,5799320,4.87,Free,1.653,3.517
com.xiaomi.calendar,Mi Calendar,PRODUCTIVITY,500000000,94874,4.07,Free,3.347,7.544
com.ea.games.simsfreeplay_row,The Sims™ FreePlay,GAME_SIMULATION,100000000,5705078,4.06,Free,0.176,0.317
com.google.android.dialer,Phone by Google,TOOLS,1000000000,13722658,4.42,Free,7.04,14.661
com.UCMobile.intl,"UC Browser-Safe, Fast, Private",COMMUNICATION,1000000000,22230112,4.34,Free,0.058,0.124
com.google.android.music,YouTube Music,MUSIC_AND_AUDIO,1000000000,4229426,4.55,Free,1.751,3.756
com.samsung.android.voc,Samsung Members,TOOLS,1000000000,1157696,4.52,Free,2.236,5.037
net.one97.paytm,Paytm: Secure UPI Payments,FINANCE,100000000,14861910,4.53,Free,1.363,4.386
com.sec.android.app.launcher,Samsung One UI Home,PERSONALIZATION,1000000000,304332,3.79,Free,0.435,0.972
com.tv.v18.viola,"Voot, Bigg Boss, Colors TV",ENTERTAINMENT,100000000,2686748,3.29,Free,1.508,2.18
com.google.android.apps.photos,Google Photos,PHOTOGRAPHY,5000000000,46337614,4.52,Free,0.593,1.673
com.samsung.memorysaver,Storage Saver,TOOLS,500000000,36284,4.05,Free,1.103,2.053
com.kwai.bulldog,SnackVideo,VIDEO_PLAYERS,100000000,8012122,4.58,Free,2.85,7.312
vStudio.Android.Camera360,Camera360 :Photo Editor&Selfie,PHOTOGRAPHY,100000000,5048621,4.41,Free,0.036,0.075
com.commsource.beautyplus,"BeautyPlus - Retouch, Filters",PHOTOGRAPHY,100000000,4881165,4.44,Free,0.15,0.321
com.fingersoft.hcr2,Hill Climb Racing 2,GAME_RACING,100000000,4445804,4.49,Free,0.326,0.603
com.samsung.android.oneconnect,SmartThings,LIFESTYLE,500000000,962000,4.25,Free,0.797,1.686
com.moonactive.coinmaster,Coin Master,GAME_CASUAL,100000000,7817491,4.61,Free,1.291,2.861
com.kitkagames.fallbuddies,Stumble Guys,GAME_ACTION,100000000,4035901,4.25,Free,8.549,25.113
com.outfit7.talkingtomgoldrun,Talking Tom Gold Run,GAME_ACTION,500000000,5556817,4.27,Free,0.646,1.367
com.google.android.apps.navlite,Navigation for Google Maps Go,TRAVEL_AND_LOCAL,500000000,336841,4.31,Free,0.999,2.049
com.google.android.projection.gearhead,Android Auto,AUTO_AND_VEHICLES,1000000000,3176128,4.01,Free,1.762,3.72
com.skgames.trafficrider,Traffic Rider,GAME_RACING,100000000,8191648,4.28,Free,0.486,0.967
com.lazada.android,Lazada 11.11!,SHOPPING,100000000,19475069,4.68,Free,2.605,5.52
com.huawei.hwid,Huawei Mobile Services,TOOLS,500000000,554155,4.32,Free,0.568,1.287
com.google.ar.lens,Google Lens,TOOLS,1000000000,1667780,4.6,Free,1.887,4.22
com.google.android.ims,Carrier Services,COMMUNICATION,1000000000,1245500,4.13,Free,1.878,4.057
com.uc.browser.en,UC Mini-Download Video Status ,COMMUNICATION,100000000,4861882,4.38,Free,0.109,0.239
com.quvideo.xiaoying,VivaVideo - Video Editor&Maker,VIDEO_PLAYERS,500000000,13056617,4.43,Free,0.112,0.292
com.google.android.marvin.talkback,Android Accessibility Suite,TOOLS,5000000000,3317904,4.04,Free,0.783,1.712
com.samsung.android.lool,Device Care,TOOLS,1000000000,473046,4.05,Free,0.962,2.29
com.imangi.templerun2,Temple Run 2,GAME_ACTION,500000000,9961912,4.45,Free,0.134,0.269
com.playrix.gardenscapes,Gardenscapes,GAME_CASUAL,100000000,11545873,4.46,Free,0.382,0.694
com.alibaba.aliexpresshd,AliExpress,SHOPPING,500000000,13477547,4.47,Free,0.415,0.822
com.sec.app.samsungprintservice,Samsung Print Service Plugin,PRODUCTIVITY,1000000000,463951,3.67,Free,0.221,0.508
com.microsoft.office.excel,Microsoft Excel: Spreadsheets,PRODUCTIVITY,1000000000,3608428,4.48,Free,0.463,0.877
com.tinder,Tinder: Dating app. Meet. Chat,LIFESTYLE,100000000,4762328,2.89,Free,0.468,0.983
com.nekki.shadowfight3,Shadow Fight 3 - RPG fighting,GAME_ROLE_PLAYING,100000000,3796375,4.51,Free,0.837,1.704
com.playit.videoplayer,PLAYit-All in One Video Player,VIDEO_PLAYERS,100000000,4593579,4.56,Free,2.096,4.875
com.google.android.apps.docs.editors.slides,Google Slides,PRODUCTIVITY,1000000000,577989,4.06,Free,0.396,0.902
com.google.android.youtube,YouTube,VIDEO_PLAYERS,10000000000,144282098,4.19,Free,0.588,1.399
com.popularapp.periodcalendar,Period Calendar Period Tracker,HEALTH_AND_FITNESS,100000000,6860029,4.91,Free,0.391,0.849
com.adobe.reader,Adobe Acrobat Reader: Edit PDF,PRODUCTIVITY,500000000,5267702,4.58,Free,0.471,1.0
com.fungames.sniper3d,Sniper 3D：Gun Shooting Games,GAME_ACTION,500000000,15723678,4.4,Free,0.221,0.397
com.google.android.apps.nbu.paisa.user,Google Pay: Save and Pay,FINANCE,500000000,8660959,4.04,Free,1.897,2.629
com.facebook.orca,Messenger,COMMUNICATION,5000000000,85509192,4.1,Free,0.262,0.61
com.yahoo.mobile.client.android.mail,Yahoo Mail – Organized Email,COMMUNICATION,100000000,6485877,4.53,Free,1.023,2.025
com.firsttouchgames.dls7,Dream League Soccer 2022,GAME_SPORTS,100000000,7151232,4.32,Free,3.465,5.966
com.sec.android.app.shealth,Samsung Health,HEALTH_AND_FITNESS,1000000000,1409375,3.68,Free,0.34,0.749
com.supercell.brawlstars,Brawl Stars,GAME_ACTION,100000000,22314079,4.2,Free,0.176,0.519
com.microsoft.office.officehubrow,Office (Microsoft 365),PRODUCTIVITY,500000000,1544310,4.46,Free,3.671,8.095
com.google.android.apps.wallpaper,Wallpapers,PERSONALIZATION,500000000,219119,4.1,Free,0.992,2.131
com.opera.mini.native,Opera Mini: Fast Web Browser,COMMUNICATION,500000000,8314495,4.34,Free,0.345,0.745
com.facebook.mlite,Messenger Lite,COMMUNICATION,500000000,5447735,4.2,Free,0.619,1.36
com.kiloo.subwaysurf,Subway Surfers,GAME_ARCADE,1000000000,39602714,4.59,Free,0.393,0.958
com.flipkart.android,Flipkart Online Shopping App,SHOPPING,500000000,36397744,4.38,Free,4.024,8.216
com.etermax.preguntados.lite,Trivia Crack,GAME_TRIVIA,100000000,7726512,4.41,Free,0.258,0.502
com.myntra.android,Myntra - Fashion Shopping App,SHOPPING,100000000,3828018,4.35,Free,0.795,1.229
com.pixonic.wwr,War Robots Multiplayer Battles,GAME_ACTION,100000000,4617572,4.25,Free,0.482,0.889
com.vkontakte.android,"VK: music, video, messenger",SOCIAL,100000000,8295357,3.6,Free,0.581,1.402
com.transsion.phonemaster,Phone Master–Junk Clean Master,TOOLS,500000000,1900213,4.47,Free,3.07,7.711
com.os.airforce,1945 Air Force: Airplane games,GAME_ARCADE,100000000,2735420,4.75,Free,3.902,8.257
com.microsoft.office.powerpoint,Microsoft PowerPoint,PRODUCTIVITY,1000000000,2070683,4.31,Free,0.446,0.761
com.digidust.elokence.akinator.freemium,Akinator,ENTERTAINMENT,100000000,3992319,4.58,Free,0.972,1.836
com.fgol.HungrySharkEvolution,Hungry Shark Evolution,GAME_ARCADE,100000000,7458355,4.5,Free,0.106,0.252
com.google.android.contacts,Contacts,COMMUNICATION,1000000000,1029644,4.3,Free,2.115,4.534
com.igg.android.lordsmobile,Lords Mobile: Tower Defense,GAME_STRATEGY,100000000,7945539,4.32,Free,0.791,1.43
com.microsoft.office.outlook,Microsoft Outlook,PRODUCTIVITY,500000000,8220743,4.52,Free,1.0,2.083
com.google.android.deskclock,Clock,TOOLS,1000000000,525176,3.99,Free,1.397,2.636
com.myairtelapp,Airtel Thanks – Recharge & UPI,FINANCE,100000000,6491795,4.4,Free,1.079,2.654
es.socialpoint.DragonCity,Dragon City Mobile,GAME_SIMULATION,100000000,9438340,4.7,Free,0.5,1.071
com.google.android.tts,Speech Services by Google,TOOLS,10000000000,3413094,3.36,Free,0.716,1.742
ru.yandex.taxi,Yandex Go — taxi and delivery,AUTO_AND_VEHICLES,100000000,5834691,4.85,Free,4.87,10.394
com.amazon.mShop.android.shopping,Amazon Shopping,SHOPPING,500000000,3243468,4.5,Free,0.51,1.237
com.facebook.lite,Facebook Lite,SOCIAL,1000000000,23430175,4.03,Free,0.61,3.591
com.tencent.ig,PUBG MOBILE,GAME_ACTION,500000000,43427055,4.06,Free,0.23,0.662
com.indeed.android.jobsearch,Indeed Job Search,BUSINESS,100000000,3625937,4.69,Free,4.625,10.273
com.google.android.apps.docs.editors.docs,Google Docs,PRODUCTIVITY,1000000000,1732587,4.16,Free,0.353,0.802
net.zedge.android,ZEDGE™ Wallpapers & Ringtones,PERSONALIZATION,100000000,11556506,4.62,Free,1.718,3.474
com.ebay.mobile,eBay - Shop at the Marketplace,SHOPPING,100000000,4389444,4.66,Free,0.555,1.197
com.utorrent.client,µTorrent®- Torrent Downloader,VIDEO_PLAYERS,100000000,4995679,4.63,Free,0.304,0.646
com.google.android.webview,Android System WebView,TOOLS,5000000000,7946937,4.06,Free,0.548,1.384
com.dts.freefiremax,Garena Free Fire MAX,GAME_ACTION,100000000,13780603,4.07,Free,3.41,8.921
com.google.android.apps.googleassistant,Google Assistant,PRODUCTIVITY,1000000000,706589,3.94,Free,2.266,4.95
br.com.brainweb.ifood,iFood comida e mercado em casa,FOOD_AND_DRINK,50000000,10334563,4.7,Free,2.611,5.005
com.tokopedia.tkpd,Tokopedia,SHOPPING,100000000,6395233,4.74,Free,0.794,1.676
jp.naver.line.android,LINE: Calls & Messages,COMMUNICATION,500000000,13628819,4.15,Free,0.158,0.357
com.google.android.gm.lite,Gmail Go,COMMUNICATION,500000000,124655,4.45,Free,1.22,2.795
com.qihoo.security,"Safe Security -  Antivirus, Bo",TOOLS,100000000,16757433,4.65,Free,0.0,0.001
com.pixel.gun3d,Pixel Gun 3D - FPS Shooter,GAME_ACTION,100000000,5784850,4.15,Free,0.029,0.06
com.sec.android.app.myfiles,Samsung My Files,TOOLS,1000000000,358655,3.98,Free,1.469,3.201
com.mi.android.globalFileexplorer,File Manager,TOOLS,1000000000,3628821,4.62,Free,1.168,2.235
com.linecorp.b612.android,B612 Camera&Photo/Video Editor,PHOTOGRAPHY,500000000,7445205,4.33,Free,0.109,0.235
com.google.android.gm,Gmail,COMMUNICATION,10000000000,11908658,4.23,Free,0.595,1.43
com.samsung.android.mobileservice,Group Sharing,TOOLS,1000000000,275426,3.52,Free,1.199,2.613
com.google.android.videos,Google TV,VIDEO_PLAYERS,5000000000,2209920,3.92,Free,0.648,1.523
com.kakao.talk,KakaoTalk : Messenger,COMMUNICATION,100000000,3154860,4.32,Free,0.024,0.211
com.king.candycrushsaga,Candy Crush Saga,GAME_CASUAL,1000000000,35051742,4.61,Free,0.576,1.13
com.outfit7.mytalkingtom2,My Talking Tom 2,GAME_CASUAL,500000000,4885300,4.14,Free,1.108,2.276
com.tencent.iglite,PUBG MOBILE LITE,GAME_ACTION,100000000,8218840,4.06,Free,0.156,0.388
com.google.android.apps.searchlite,Google Go,TOOLS,1000000000,1014999,4.18,Free,1.487,3.16
com.miniclip.agar.io,Agar.io,GAME_ACTION,100000000,4175630,3.86,Free,0.027,0.059
com.google.android.inputmethod.latin,Gboard - the Google Keyboard,TOOLS,5000000000,11693630,4.53,Free,1.6,3.537
com.ansangha.drdriving,Dr. Driving,GAME_RACING,500000000,6397059,4.4,Free,0.168,0.373
com.whatsapp,WhatsApp Messenger,COMMUNICATION,5000000000,170693306,4.27,Free,0.55,1.281
com.supercell.clashroyale,Clash Royale,GAME_STRATEGY,100000000,35453680,4.38,Free,0.46,0.807
com.gameloft.android.ANMP.GloftDMHM,Minion Rush: Running Game,GAME_CASUAL,500000000,10747192,4.59,Free,0.019,0.06
com.sirma.mobile.bible.android,YouVersion Bible App + Audio,BOOKS_AND_REFERENCE,100000000,4338207,4.89,Free,2.235,4.577
com.google.android.apps.tachyon,Google Meet,COMMUNICATION,5000000000,9678390,4.57,Free,0.835,1.888
com.google.android.apps.docs,Google Drive,PRODUCTIVITY,5000000000,9483389,4.36,Free,0.501,1.162
cn.wps.moffice_eng,"WPS Office-PDF,Word,Excel,PPT",PRODUCTIVITY,100000000,4236355,4.37,Free,1.33,2.877
com.dsi.ant.plugins.antplus,ANT+ Plugins Service,TOOLS,1000000000,330912,3.49,Free,0.405,0.983
com.sec.android.app.popupcalculator,Samsung Calculator,TOOLS,1000000000,686699,4.49,Free,1.506,3.073
com.mi.android.globalminusscreen,App Vault,TOOLS,500000000,560970,4.22,Free,0.549,1.201
sinet.startup.inDriver,inDrive. Rides with fair fares,MAPS_AND_NAVIGATION,100000000,4310960,4.69,Free,4.44,8.503
com.motorola.fmplayer,FM Radio,MUSIC_AND_AUDIO,500000000,107826,3.91,Free,0.413,0.887
com.imangi.templerun,Temple Run,GAME_ARCADE,500000000,5168216,4.41,Free,0.289,0.596
com.google.android.play.games,Google Play Games,ENTERTAINMENT,5000000000,13008918,4.3,Free,0.161,0.33
com.nianticlabs.pokemongo,Pokémon GO,GAME_ADVENTURE,100000000,15371836,4.28,Free,0.141,0.321
com.h8games.helixjump,Helix Jump,GAME_ACTION,100000000,4250822,3.92,Free,81.109,162.218
com.contextlogic.wish,Wish: Shop And Save,SHOPPING,500000000,14273132,4.66,Free,0.322,0.653
com.samsung.knox.securefolder,Secure Folder,BUSINESS,1000000000,258671,3.75,Free,1.213,2.597
com.sec.pcw,Samsung Link (Terminated),PRODUCTIVITY,500000000,182303,3.46,Free,0.057,0.163
com.roblox.client,Roblox,GAME_ADVENTURE,500000000,32142414,4.43,Free,1.346,2.848
com.viber.voip,Viber - Safe Chats And Calls,COMMUNICATION,1000000000,16136178,4.46,Free,0.177,0.875
com.twitter.android,Twitter,SOCIAL,1000000000,20384051,3.77,Free,0.461,0.942
com.lbe.parallel.intl,Parallel Space - Multiple acco,PERSONALIZATION,100000000,5000594,4.22,Free,0.163,0.358
com.jb.gosms,"GO SMS Pro - Messenger, Free T",COMMUNICATION,100000000,2952985,4.41,Free,0.0,0.001
com.imo.android.imoim,imo-International Calls & Chat,COMMUNICATION,1000000000,7856069,4.08,Free,0.503,1.071
com.google.android.calculator,Calculator,TOOLS,1000000000,519248,4.39,Free,1.418,2.877
com.facebook.katana,Facebook,SOCIAL,5000000000,131078055,3.17,Free,0.37,0.877
com.google.android.apps.magazines,Google News - Daily Headlines,NEWS_AND_MAGAZINES,1000000000,1728760,4.13,Free,0.542,1.16
com.ForgeGames.SpecialForcesGroup2,Special Forces Group 2,GAME_ACTION,100000000,3755826,4.44,Free,0.533,1.095
com.dropbox.android,Dropbox: Secure Cloud Storage,PRODUCTIVITY,1000000000,2209874,4.33,Free,0.275,0.56
com.bbk.theme,Themes,ENTERTAINMENT,500000000,50711,4.04,Free,8.289,21.531
com.google.android.calendar,Google Calendar,PRODUCTIVITY,1000000000,2170225,4.22,Free,0.965,2.111
com.google.android.apps.docs.editors.sheets,Google Sheets,PRODUCTIVITY,1000000000,1064629,4.09,Free,0.45,1.035
com.microsoft.skydrive,Microsoft OneDrive,PRODUCTIVITY,1000000000,3773688,4.6,Free,2.88,6.155
com.canva.editor,"Canva: Design, Photo & Video",ART_AND_DESIGN,100000000,10053709,4.78,Free,3.463,7.73
com.fdgentertainment.bananakong,Banana Kong,GAME_ACTION,100000000,4866717,4.61,Free,0.278,0.574
com.whatsapp.w4b,WhatsApp Business,COMMUNICATION,500000000,9928469,4.28,Free,1.833,4.56
com.ubercab.driver,Uber - Driver: Drive & Deliver,BUSINESS,100000000,3069304,4.58,Free,1.603,3.421
com.google.android.apps.translate,Google Translate,TOOLS,1000000000,8561895,4.36,Free,0.305,0.592
com.supercell.clashofclans,Clash of Clans,GAME_STRATEGY,500000000,59608367,4.58,Free,0.368,0.479
com.samsung.android.uds,Ultra data saving,TOOLS,500000000,37388,4.03,Free,1.656,3.128
com.duolingo,Duolingo: language lessons,EDUCATION,100000000,13757167,4.6,Free,1.287,2.771
com.apusapps.launcher,APUS Launcher: Theme Launcher,PERSONALIZATION,100000000,5918238,4.5,Free,0.023,0.052
com.ea.games.r3_row,Real Racing  3,GAME_RACING,100000000,6938891,4.34,Free,0.243,0.452
com.miui.calculator,Calculator,TOOLS,1000000000,305119,4.33,Free,1.195,2.62
com.samsung.android.app.notes,Samsung Notes,PRODUCTIVITY,1000000000,4465668,4.76,Free,5.454,11.795
com.android.chrome,Google Chrome: Fast & Secure,COMMUNICATION,10000000000,40934546,4.13,Free,0.693,1.783
com.google.android.apps.messaging,Messages,COMMUNICATION,1000000000,8788486,4.22,Free,2.075,4.381
com.zhiliaoapp.musically,TikTok,SOCIAL,1000000000,52875223,4.41,Free,1.094,2.585
com.spotify.music,Spotify: Music and Podcasts,MUSIC_AND_AUDIO,1000000000,27237145,4.39,Free,0.742,1.572
com.miniclip.eightballpool,8 Ball Pool,GAME_SPORTS,500000000,24750683,4.51,Free,0.763,1.382
org.telegram.messenger,Telegram,COMMUNICATION,1000000000,11628355,4.35,Free,1.079,2.195
com.ss.android.ugc.trill,TikTok,VIDEO_PLAYERS,500000000,15817953,4.37,Free,1.111,2.909
com.google.android.street,Google Street View,TRAVEL_AND_LOCAL,1000000000,2380478,4.22,Free,0.087,0.2
video.like,Likee - Community of Interests,SOCIAL,500000000,11611276,4.4,Free,0.196,0.42
com.google.android.apps.books,Google Play Books & Audiobooks,BOOKS_AND_REFERENCE,1000000000,1941707,4.07,Free,0.553,0.749
flipboard.app,Flipboard: The Social Magazine,NEWS_AND_MAGAZINES,500000000,1422960,3.96,Free,0.055,0.125
com.ea.game.pvzfree_row,Plants vs. Zombies™,GAME_STRATEGY,100000000,5540433,4.25,Free,0.262,0.528
com.zhiliaoapp.musically.go,TikTok Lite,SOCIAL,500000000,5074152,4.39,Free,2.605,5.939
com.gau.go.launcherex,GO Launcher -Themes&Wallpapers,PERSONALIZATION,100000000,7592660,4.56,Free,0.0,0.001
com.instagram.android,Instagram,SOCIAL,1000000000,140743832,3.97,Free,0.569,1.197
com.outfit7.mytalkingangelafree,My Talking Angela,GAME_CASUAL,500000000,13791712,3.89,Free,0.153,0.338
com.waze,Waze Navigation & Live Traffic,MAPS_AND_NAVIGATION,100000000,8585684,4.38,Free,0.104,0.251
com.google.android.apps.maps,Google Maps,TRAVEL_AND_LOCAL,10000000000,16441619,4.07,Free,0.596,1.471
com.google.android.gms,Google Play services,TOOLS,10000000000,40185166,4.26,Free,0.693,1.158
com.opera.browser,Opera Browser: Fast & Private,COMMUNICATION,100000000,4226985,4.33,Free,0.551,1.113
com.google.android.apps.walletnfcrel,Google Wallet,FINANCE,500000000,1313687,3.96,Free,0.787,1.704
com.samsung.android.email.provider,Samsung Email,PRODUCTIVITY,1000000000,2209508,4.12,Free,0.561,1.2
com.touchtype.swiftkey,Microsoft SwiftKey Keyboard,PRODUCTIVITY,1000000000,3852731,4.08,Free,0.095,0.215
com.dsi.ant.service.socket,ANT Radio Service,COMMUNICATION,1000000000,365701,3.39,Free,0.368,0.87
sg.bigo.live,Bigo Live - Live Streaming App,SOCIAL,500000000,5220852,4.39,Free,0.621,1.339
com.microsoft.appmanager,Link to Windows,PRODUCTIVITY,500000000,682092,3.8,Free,1.531,2.827
com.netflix.mediaclient,Netflix,ENTERTAINMENT,1000000000,13638435,4.42,Free,0.468,1.225
air.com.hypah.io.slither,slither.io,GAME_ACTION,500000000,6708761,3.96,Free,0.061,0.136
com.innersloth.spacemafia,Among Us,GAME_ACTION,500000000,13298311,3.69,Free,0.172,0.402
com.camerasideas.instashot,Video Editor & Maker - InShot,PHOTOGRAPHY,500000000,16176552,4.84,Free,1.656,3.557
flipboard.boxer.app,Briefing,NEWS_AND_MAGAZINES,1000000000,720645,3.21,Free,0.231,0.558